{
  "watchForChanges": true,
  "hud": {
    "distance": 60,
    "x": -10.0,
    "y": 40.0,
    "scale": 0.7,
    "hideDelay": 10,
    "anchorPoint": "TOP_RIGHT"
,
    "showEntity": false,
    "showBar": true,
    "showSkin": false
  },
  "bar": {
    "damageNumberType": "LAST",
    "friendColor": 16711935,
    "friendColorSecondary": 8388863,
    "foeColor": -16776961,
    "foeColorSecondary": -2147483393
  },
  "inWorld": {
    "mode": "none",
    "distance": 60.0,
    "onlyWhenLookingAt": false,
    "onlyWhenHurt": false
  },
  "particle": {
    "show": false,
    "damageColor": 16711680,
    "healColor": 65280
  }
}